<?xml version="1.0" encoding="UTF-8"?>
<beans xmlns="http://www.springframework.org/schema/beans"
       xmlns:xsi="http://www.w3.org/2001/XMLSchema-instance"
       xmlns:context="http://www.springframework.org/schema/context"
       xmlns:mvc="http://www.springframework.org/schema/mvc"
       xsi:schemaLocation="http://www.springframework.org/schema/beans http://www.springframework.org/schema/beans/spring-beans.xsd http://www.springframework.org/schema/context https://www.springframework.org/schema/context/spring-context.xsd http://www.springframework.org/schema/mvc https://www.springframework.org/schema/mvc/spring-mvc.xsd">
    <context:component-scan base-package="com.nendrasys"/>


    <bean id="dataSource" class="org.springframework.jdbc.datasource.DriverManagerDataSource">
        <property name="driverClassName" value="com.mysql.cj.jdbc.Driver"/>
        <property name="url" value="jdbc:mysql://localhost:3306/student"/>
        <property name="username" value="root"/>
        <property name="password" value="1234"/>
    </bean>

    <bean id="template" class="org.springframework.jdbc.core.JdbcTemplate">
        <property name="dataSource" ref="dataSource"/>
    </bean>

    <bean id="stdDaoimpl" class="com.nendrasys.Dao.StdDaoimpl">
        <property name="template" ref="template"/>
    </bean>

    <bean id="studservice" class="com.nendrasys.Service.StudServiceImpl">
        <property name="stdDaoimpl" ref="stdDaoimpl"/>
      <!--  <property name="oxmServices" ref="oxmServices"/>-->
    </bean>
<!--
    <bean id="oxmServices" class="com.nendrasys.Service.OxmServices">
        <property name="marshaller" ref="marshaller"/>
        <property name="unmarshaller" ref="marshaller"/>
    </bean>
    <bean id="marshaller" class="org.springframework.oxm.castor.CastorMarshaller">
     <property name="mappingLocation" value="WEB-INF/xmlMapping.xml"/>
    </bean>-->

    <bean class="org.springframework.web.servlet.view.InternalResourceViewResolver">
        <property name="prefix" value="/WEB-INF/pages/"/>
        <property name="suffix" value=".jsp"/>
    </bean>
    <mvc:annotation-driven />
</beans>